{
    "parent": "oneblock:test_of_patience",
    "display": {
        "icon": {
            "id": "minecraft:ominous_trial_key"
        },
        "title": {
            "text": "Big Brain Moves"
        },
        "description": {
            "text": "(Open an ominous vault) Danger? Sure. Loot? Probably"
        },
        "frame": "challenge",
        "show_toast": true,
        "announce_to_chat": true,
        "hidden": false
    },
    "criteria": {
        "open": {
            "trigger": "minecraft:item_used_on_block",
            "conditions": {
                "location": [
                    {
                        "condition": "minecraft:location_check",
                        "predicate": {
                            "block": {
                                "blocks": "minecraft:vault",
                                "state": {
                                    "ominous": "true"
                                }
                            }
                        }
                    },
                    {
                        "condition": "minecraft:match_tool",
                        "predicate": {
                            "items": "minecraft:ominous_trial_key"
                        }
                    }
                ]
            }
        }
    }
}