{
    "parent": "oneblock:blaze_boulevard",
    "display": {
        "icon": {
            "id": "minecraft:wither_skeleton_skull"
        },
        "title": {
            "text": "Bone Collector"
        },
        "description": {
            "text": "(Kill a wither) You just made the world angrier. Congrats"
        },
        "frame": "challenge",
        "show_toast": true,
        "announce_to_chat": true,
        "hidden": false
    },
    "criteria": {
        "kill": {
            "trigger": "minecraft:player_killed_entity",
            "conditions": {
                "entity": [
                {
                    "condition": "minecraft:entity_properties",
                    "entity": "this",
                    "predicate": {
                    "type": "minecraft:wither"
                    }
                }
                ]
            }
        }
    }
}