{
    "parent": "oneblock:magical_gps",
    "display": {
        "icon": {
            "id": "minecraft:red_wool"
        },
        "title": {
            "text": "Haunted Real Estate"
        },
        "description": {
            "text": "(Go to the mansion) Home sweet haunted home"
        },
        "frame": "goal",
        "show_toast": true,
        "announce_to_chat": true,
        "hidden": false
    },
    "criteria": {
        "travel": {
            "trigger": "minecraft:location",
            "conditions": {
                "player": [
                    {
                        "condition": "minecraft:entity_properties",
                        "entity": "this",
                        "predicate": {
                            "location": {
                                "structures": "minecraft:mansion"
                            }
                        }
                    }
                ]
            }
        }
    }
}