{
    "display": {
        "icon": {
            "id": "minecraft:grass_block"
        },
        "title": {
            "text": "OneBlock Ultimate"
        },
        "description": {
            "text": "Start your journey in OneBlock Ultimate!"
        },
        "frame": "task",
        "show_toast": true,
        "announce_to_chat": true,
        "hidden": false,
        "background": "minecraft:environment/snow"
    },
    "criteria": {
        "impossible": {
            "trigger": "minecraft:impossible"
        }
    }
}
