{
    "parent": "oneblock:dragons_playground",
    "display": {
        "icon": {
            "id": "minecraft:dragon_head"
        },
        "title": {
            "text": "Peak Performance"
        },
        "description": {
            "text": "(Kill the ender dragon) Congratulations, you broke the game… slightly"
        },
        "frame": "challenge",
        "show_toast": true,
        "announce_to_chat": true,
        "hidden": false
    },
    "criteria": {
        "kill": {
            "trigger": "minecraft:player_killed_entity",
            "conditions": {
                "entity": [
                {
                    "condition": "minecraft:entity_properties",
                    "entity": "this",
                    "predicate": {
                    "type": "minecraft:ender_dragon"
                    }
                }
                ]
            }
        }
    }
}