{
    "parent": "oneblock:storm_prepper",
    "display": {
        "icon": {
            "id": "minecraft:zombified_piglin_spawn_egg"
        },
        "title": {
            "text": "Piglin Pain"
        },
        "description": {
            "text": "(Kill a zombified piglin) You punched the wrong pig"
        },
        "frame": "task",
        "show_toast": true,
        "announce_to_chat": true,
        "hidden": false
    },
    "criteria": {
        "kill": {
            "trigger": "minecraft:player_killed_entity",
            "conditions": {
                "entity": [
                {
                    "condition": "minecraft:entity_properties",
                    "entity": "this",
                    "predicate": {
                    "type": "minecraft:zombified_piglin"
                    }
                }
                ]
            }
        }
    }
}