{
    "parent": "oneblock:shovelized",
    "display": {
        "icon": {
            "id": "minecraft:snow_block"
        },
        "title": {
            "text": "Snow Way Out"
        },
        "description": {
            "text": "(Craft a snow block) Congratulations! You can now turn weather into infrastructure"
        },
        "frame": "task",
        "show_toast": true,
        "announce_to_chat": true,
        "hidden": false
    },
    "criteria": {
        "craft": {
            "trigger": "minecraft:recipe_crafted",
            "conditions": {
                "recipe_id": "minecraft:snow_block"
            }
        }
    }
}