{
    "parent": "oneblock:fancy_rust",
    "display": {
        "icon": {
            "id": "minecraft:lightning_rod"
        },
        "title": {
            "text": "Storm Prepper"
        },
        "description": {
            "text": "(Craft a lightning rod) Now you can summon thunderstorms. Probably on accident"
        },
        "frame": "task",
        "show_toast": true,
        "announce_to_chat": true,
        "hidden": false
    },
    "criteria": {
        "craft": {
            "trigger": "minecraft:recipe_crafted",
            "conditions": {
                "recipe_id": "minecraft:lightning_rod"
            }
        }
    }
}