{
    "parent": "oneblock:test_of_patience",
    "display": {
        "icon": {
            "id": "minecraft:trial_key"
        },
        "title": {
            "text": "Thief Starter Pack"
        },
        "description": {
            "text": "(Open a vault) Steal… or just admire the loot from afar"
        },
        "frame": "challenge",
        "show_toast": true,
        "announce_to_chat": true,
        "hidden": false
    },
    "criteria": {
        "open": {
            "trigger": "minecraft:item_used_on_block",
            "conditions": {
                "location": [
                    {
                        "condition": "minecraft:location_check",
                        "predicate": {
                            "block": {
                                "blocks": "minecraft:vault",
                                "state": {
                                    "ominous": "false"
                                }
                            }
                        }
                    },
                    {
                        "condition": "minecraft:match_tool",
                        "predicate": {
                            "items": "minecraft:trial_key"
                        }
                    }
                ]
            }
        }
    }
}