{
    "parent": "oneblock:economy_speedrun",
    "display": {
        "icon": {
            "id": "minecraft:wandering_trader_spawn_egg"
        },
        "title": {
            "text": "Wandering Business"
        },
        "description": {
            "text": "(Make a trade) You survived the trader's nonsense... and actually got something"
        },
        "frame": "task",
        "show_toast": true,
        "announce_to_chat": true,
        "hidden": false
    },
    "criteria": {
        "trade": {
            "trigger": "minecraft:villager_trade"
        }
    }
}