{
    "parent": "oneblock:bunny_bribe",
    "display": {
        "icon": {
            "id": "minecraft:splash_potion"
        },
        "title": {
            "text": "Zombie Doctor"
        },
        "description": {
            "text": "(Heal a zombified piglin) You’re basically the OneBlock medic now"
        },
        "frame": "goal",
        "show_toast": true,
        "announce_to_chat": true,
        "hidden": false
    },
    "criteria": {
        "cure": {
            "trigger": "minecraft:summoned_entity",
            "conditions": {
                "entity": [
                {
                    "condition": "minecraft:entity_properties",
                    "entity": "this",
                    "predicate": {
                    "type": "minecraft:piglin"
                    }
                }
                ]
            }
        }
    }
}