{
  "type": "minecraft:archaeology",
  "pools": [
    {
      "bonus_rolls": 0,
      "entries": [
        {
          "type": "minecraft:item",
          "name": "minecraft:emerald"
        },
        {
          "type": "minecraft:item",
          "name": "minecraft:wheat"
        },
        {
          "type": "minecraft:item",
          "name": "minecraft:wooden_hoe"
        },
        {
          "type": "minecraft:item",
          "name": "minecraft:clay"
        },
        {
          "type": "minecraft:item",
          "name": "minecraft:brick"
        },
        {
          "type": "minecraft:item",
          "name": "minecraft:yellow_dye"
        },
        {
          "type": "minecraft:item",
          "name": "minecraft:blue_dye"
        },
        {
          "type": "minecraft:item",
          "name": "minecraft:light_blue_dye"
        },
        {
          "type": "minecraft:item",
          "name": "minecraft:white_dye"
        },
        {
          "type": "minecraft:item",
          "name": "minecraft:orange_dye"
        },
        {
          "type": "minecraft:item",
          "name": "minecraft:red_candle"
        },
        {
          "type": "minecraft:item",
          "name": "minecraft:green_candle"
        },
        {
          "type": "minecraft:item",
          "name": "minecraft:purple_candle"
        },
        {
          "type": "minecraft:item",
          "name": "minecraft:brown_candle"
        },
        {
          "type": "minecraft:item",
          "name": "minecraft:magenta_stained_glass_pane"
        },
        {
          "type": "minecraft:item",
          "name": "minecraft:pink_stained_glass_pane"
        },
        {
          "type": "minecraft:item",
          "name": "minecraft:blue_stained_glass_pane"
        },
        {
          "type": "minecraft:item",
          "name": "minecraft:light_blue_stained_glass_pane"
        },
        {
          "type": "minecraft:item",
          "name": "minecraft:red_stained_glass_pane"
        },
        {
          "type": "minecraft:item",
          "name": "minecraft:yellow_stained_glass_pane"
        },
        {
          "type": "minecraft:item",
          "name": "minecraft:purple_stained_glass_pane"
        },
        {
          "type": "minecraft:item",
          "name": "minecraft:spruce_hanging_sign"
        },
        {
          "type": "minecraft:item",
          "name": "minecraft:oak_hanging_sign"
        },
        {
          "type": "minecraft:item",
          "name": "minecraft:gold_nugget"
        },
        {
          "type": "minecraft:item",
          "name": "minecraft:coal"
        },
        {
          "type": "minecraft:item",
          "name": "minecraft:wheat_seeds"
        },
        {
          "type": "minecraft:item",
          "name": "minecraft:beetroot_seeds"
        },
        {
          "type": "minecraft:item",
          "name": "minecraft:dead_bush"
        },
        {
          "type": "minecraft:item",
          "name": "minecraft:flower_pot"
        },
        {
          "type": "minecraft:item",
          "name": "minecraft:string"
        },
        {
          "type": "minecraft:item",
          "name": "minecraft:lead"
        },
        {
          "type": "minecraft:item",
          "name": "minecraft:burn_pottery_sherd"
        },
        {
          "type": "minecraft:item",
          "name": "minecraft:danger_pottery_sherd"
        },
        {
          "type": "minecraft:item",
          "name": "minecraft:friend_pottery_sherd"
        },
        {
          "type": "minecraft:item",
          "name": "minecraft:heart_pottery_sherd"
        },
        {
          "type": "minecraft:item",
          "name": "minecraft:heartbreak_pottery_sherd"
        },
        {
          "type": "minecraft:item",
          "name": "minecraft:howl_pottery_sherd"
        },
        {
          "type": "minecraft:item",
          "name": "minecraft:sheaf_pottery_sherd"
        },
        {
          "type": "minecraft:item",
          "name": "minecraft:wayfinder_armor_trim_smithing_template"
        },
        {
          "type": "minecraft:item",
          "name": "minecraft:raiser_armor_trim_smithing_template"
        },
        {
          "type": "minecraft:item",
          "name": "minecraft:shaper_armor_trim_smithing_template"
        },
        {
          "type": "minecraft:item",
          "name": "minecraft:host_armor_trim_smithing_template"
        },
        {
          "type": "minecraft:item",
          "name": "minecraft:music_disc_relic"
        },
        {
          "type": "minecraft:item",
          "name": "minecraft:blade_pottery_sherd"
        },
        {
          "type": "minecraft:item",
          "name": "minecraft:explorer_pottery_sherd"
        },
        {
          "type": "minecraft:item",
          "name": "minecraft:mourner_pottery_sherd"
        },
        {
          "type": "minecraft:item",
          "name": "minecraft:plenty_pottery_sherd"
        },
        {
          "type": "minecraft:item",
          "name": "minecraft:iron_axe"
        }
      ],
      "rolls": 1
    }
  ],
  "random_sequence": "minecraft:archaeology/trail_ruins_common"
}