{
  "type": "minecraft:jigsaw",
  "biomes": "#minecraft:is_overworld",
  "step": "raw_generation",
  "start_pool": "oneblock:oneblock_ancient_city/start",
  "size": 1,
  "terrain_adaptation": "none",
  "start_height": {
    "absolute": -50
  },
  "max_distance_from_center": 80,
  "use_expansion_hack": false,
  "spawn_overrides": {
    "ambient": {
      "bounding_box": "full",
      "spawns": []
    },
    "axolotls": {
      "bounding_box": "full",
      "spawns": []
    },
    "creature": {
      "bounding_box": "full",
      "spawns": []
    },
    "misc": {
      "bounding_box": "full",
      "spawns": []
    },
    "monster": {
      "bounding_box": "full",
      "spawns": []
    },
    "underground_water_creature": {
      "bounding_box": "full",
      "spawns": []
    },
    "water_ambient": {
      "bounding_box": "full",
      "spawns": []
    },
    "water_creature": {
      "bounding_box": "full",
      "spawns": []
    }
  }
}
