{
  "type": "minecraft:jigsaw",
  "biomes": "#minecraft:is_nether",
  "step": "raw_generation",
  "start_pool": "oneblock:oneblock_bastion_remnant/start",
  "size": 1,
  "terrain_adaptation": "none",
  "start_height": {
    "absolute": 33
  },
  "max_distance_from_center": 80,
  "use_expansion_hack": false,
  "spawn_overrides": {
    "monster": {
      "bounding_box": "full",
      "spawns": [
        {
          "type": "minecraft:piglin_brute",
          "weight": 1,
          "minCount": 1,
          "maxCount": 2
        },
        {
          "type": "minecraft:piglin",
          "weight": 2,
          "minCount": 2,
          "maxCount": 3
        }
      ]
    }
  }
}
