{
  "type": "minecraft:jigsaw",
  "biomes": "#minecraft:is_nether",
  "step": "raw_generation",
  "start_pool": "oneblock:oneblock_fortress/start",
  "size": 1,
  "terrain_adaptation": "none",
  "start_height": {
    "absolute": 33
  },
  "max_distance_from_center": 80,
  "use_expansion_hack": false,
  "spawn_overrides": {
    "monster": {
      "bounding_box": "full",
      "spawns": [
        {
          "type": "minecraft:blaze",
          "maxCount": 3,
          "minCount": 2,
          "weight": 10
        },
        {
          "type": "minecraft:zombified_piglin",
          "maxCount": 4,
          "minCount": 4,
          "weight": 5
        },
        {
          "type": "minecraft:wither_skeleton",
          "maxCount": 5,
          "minCount": 5,
          "weight": 8
        },
        {
          "type": "minecraft:skeleton",
          "maxCount": 5,
          "minCount": 5,
          "weight": 2
        },
        {
          "type": "minecraft:magma_cube",
          "maxCount": 4,
          "minCount": 4,
          "weight": 3
        }
      ]
    }
  }
}
