{
  "type": "minecraft:jigsaw",
  "biomes": "#minecraft:is_overworld",
  "step": "raw_generation",
  "start_pool": "oneblock:oneblock_pillager_outpost/start",
  "size": 1,
  "terrain_adaptation": "none",
  "start_height": {
    "absolute": 70
  },
  "max_distance_from_center": 80,
  "use_expansion_hack": false,
  "spawn_overrides": {
    "monster": {
      "bounding_box": "full",
      "spawns": [
        {
          "type": "minecraft:pillager",
          "maxCount": 1,
          "minCount": 1,
          "weight": 1
        }
      ]
    }
  }
}


