{
  "type": "minecraft:entity",
  "pools": [
    {
      "rolls": 1,
      "entries": [
        {
          "type": "minecraft:item",
          "name": "minecraft:netherite_upgrade_smithing_template",
          "weight": 1,
          "conditions": [
            {
              "condition": "minecraft:killed_by_player"
            }
          ]
        },
        {
          "type": "minecraft:item",
          "name": "minecraft:rotten_flesh",
          "weight": 20
        }
      ]
    }
  ],
  "random_sequence": "minecraft:entities/piglin_brute"
}