{
  "type": "minecraft:entity",
  "pools": [
    {
      "bonus_rolls": 0,
      "conditions": [
        {
          "condition": "minecraft:entity_properties",
          "entity": "this",
          "predicate": {
            "type_specific": {
              "type": "minecraft:raider",
              "is_captain": true
            }
          }
        }
      ],
      "entries": [
        {
          "type": "minecraft:item",
          "name": "minecraft:sentry_armor_trim_smithing_template",
          "weight": 1
        },
        {
          "type": "minecraft:item",
          "weight": 3,
          "functions": [
            {
              "add": false,
              "count": 1,
              "function": "minecraft:set_count"
            },
            {
              "amplifier": {
                "type": "minecraft:uniform",
                "max": 4,
                "min": 0
              },
              "function": "minecraft:set_ominous_bottle_amplifier"
            }
          ],
          "name": "minecraft:ominous_bottle"
        }
      ],
      "rolls": 1
    }
  ],
  "random_sequence": "minecraft:entities/pillager"
}