{
  "type": "minecraft:entity",
  "pools": [
    {
      "bonus_rolls": 0,
      "entries": [
        {
          "type": "minecraft:item",
          "name": "minecraft:echo_shard"
        },
        {
          "type": "minecraft:item",
          "name": "minecraft:disc_fragment_5"
        },
        {
          "type": "minecraft:item",
          "name": "minecraft:sculk_catalyst"
        }
      ],
      "rolls": 1
    }
  ],
  "random_sequence": "minecraft:entities/warden"
}